-- _____     _     _                      _ _   _                 _   
--|_   _|_ _| |__ | | ___  ___  __      _(_) |_| |__   ___  _   _| |_ 
--  | |/ _` | '_ \| |/ _ \/ __| \ \ /\ / / | __| '_ \ / _ \| | | | __|
--  | | (_| | |_) | |  __/\__ \  \ V  V /| | |_| | | | (_) | |_| | |_ 
--  |_|\__,_|_.__/|_|\___||___/   \_/\_/ |_|\__|_| |_|\___/ \__,_|\__|
--                                                                    
--          _       _   _                 
-- _ __ ___| | __ _| |_(_) ___  _ __  ___ 
--| '__/ _ \ |/ _` | __| |/ _ \| '_ \/ __|
--| | |  __/ | (_| | |_| | (_) | | | \__ \
--|_|  \___|_|\__,_|\__|_|\___/|_| |_|___/
--============================================================================================================
--============================================================================================================
INSERT INTO S15827_PACKAGE_TYPE(SHORT_NAME,FULL_NAME,DESCRIPTION) VALUES ('DIP','dual in-line package','rectangular housing,two parallel rows of pins');
INSERT INTO S15827_PACKAGE_TYPE(SHORT_NAME,FULL_NAME,DESCRIPTION) VALUES ('PGA','pin grid array','square or rectangular, pins are arranged in a regular array on the underside of the package');
INSERT INTO S15827_PACKAGE_TYPE(SHORT_NAME,FULL_NAME,DESCRIPTION) VALUES ('SOIC','small outline IC','a surface-mount IC, 30-50% smaller tha  DIP');
INSERT INTO S15827_PACKAGE_TYPE(SHORT_NAME,FULL_NAME,DESCRIPTION) VALUES ('QFP','quad flat package','a surface-mount IC with "gull wing" leads extending from each of the four sides.');
INSERT INTO S15827_PACKAGE_TYPE(SHORT_NAME,FULL_NAME,DESCRIPTION) VALUES ('SOP','small outline package','a surface-mount IC with "gull wing" leads protruding from the to long sides');
INSERT INTO S15827_PACKAGE_TYPE(SHORT_NAME,FULL_NAME,DESCRIPTION) VALUES ('LGA','land grid array','a surface-mount IC, rectangular grid of contacts on the underside of a package');
INSERT INTO S15827_PACKAGE_TYPE(SHORT_NAME,FULL_NAME,DESCRIPTION) VALUES ('BGA','ball grid array','a surface-mount IC, rectangular grid of ball-shaped contacts on the one side of package');
INSERT INTO S15827_PACKAGE_TYPE(SHORT_NAME,FULL_NAME,DESCRIPTION) VALUES ('SiP','system-in-a-package','a number of integrated circuits enclosed in a single module(package)');
INSERT INTO S15827_PACKAGE_TYPE(SHORT_NAME,FULL_NAME,DESCRIPTION) VALUES ('QFN','quad-flat no-leads','a surface-mount IC, rectangular grid of contacts on the underside of a package, similar to QFP and BGA');
INSERT INTO S15827_PACKAGE_TYPE(SHORT_NAME,FULL_NAME,DESCRIPTION) VALUES ('SOT','small outline transistor','rectangular, common package for transistors and is also used for diodes and voltage regulators');
--============================================================================================================
--============================================================================================================
INSERT INTO S15827_LOGIC_FAMILY(ID,NAME,DESCRIPTION,TOGGLE_SPEED,SUPPLY_VOLTAGE) VALUES ('RTL','Resistor–transistor logic','Built using resistors as the input network and bipolar junction transistors as switching devices','3-25 nanoseconds','0.7V');
INSERT INTO S15827_LOGIC_FAMILY(ID,NAME,DESCRIPTION,TOGGLE_SPEED,SUPPLY_VOLTAGE) VALUES ('DTL','Diode–transistor logic','Class of digital circuits that is the direct ancestor of transistor–transistor logic','3-35 nanoseconds','0.3-0.7V');
INSERT INTO S15827_LOGIC_FAMILY(ID,NAME,DESCRIPTION,TOGGLE_SPEED,SUPPLY_VOLTAGE) VALUES ('I2L','Integrated injection logic','Built with multiple collector bipolar junction transistors','100-200 picoseconds','0.2-0.7V');
INSERT INTO S15827_LOGIC_FAMILY(ID,NAME,DESCRIPTION,TOGGLE_SPEED,SUPPLY_VOLTAGE) VALUES ('CMOS','Complementary metal-oxide-semiconductor','A combination of p-type and n-type metal-oxide-semiconductor field-effect transistor(MOSFETs) to implement logic gates and other digital circuits','120 picoseconds','0.7-5V');
INSERT INTO S15827_LOGIC_FAMILY(ID,NAME,DESCRIPTION,TOGGLE_SPEED,SUPPLY_VOLTAGE) VALUES ('TTL','Transistor–transistor logic','Built from bipolar junction transistors (BJTs) and resistors. It is called transistor–transistor logic because transistors perform both the logic function and the amplifying function','6-33 nanoseconds','3.3-5V');
--============================================================================================================
--============================================================================================================
INSERT INTO S15827_LOGIC_TYPE(TYPE_NAME,DISTINCTIVE_SHAPE,TRUTH_TABLE) VALUES ('NOT','https://en.wikipedia.org/wiki/Logic_gate#/media/File:NOT_ANSI.svg','not1=0, not0=1');
INSERT INTO S15827_LOGIC_TYPE(TYPE_NAME,DISTINCTIVE_SHAPE,TRUTH_TABLE) VALUES ('AND','https://en.wikipedia.org/wiki/Logic_gate#/media/File:AND_ANSI.svg','0and0=0, 0and1=0, 1and0=0, 1and1=1');
INSERT INTO S15827_LOGIC_TYPE(TYPE_NAME,DISTINCTIVE_SHAPE,TRUTH_TABLE) VALUES ('OR','https://en.wikipedia.org/wiki/Logic_gate#/media/File:OR_ANSI.svg','0or0=0, 0or1=1, 1or0=1, 1or1=1');
INSERT INTO S15827_LOGIC_TYPE(TYPE_NAME,DISTINCTIVE_SHAPE,TRUTH_TABLE) VALUES ('XOR','https://en.wikipedia.org/wiki/Logic_gate#/media/File:XOR_ANSI.svg','0xor0=0, 0xor1=1, 1xor0=1, 1xor1=0');
INSERT INTO S15827_LOGIC_TYPE(TYPE_NAME,DISTINCTIVE_SHAPE,TRUTH_TABLE) VALUES ('NAND','https://en.wikipedia.org/wiki/Logic_gate#/media/File:NAND_ANSI.svg','0nand0=1, 0nand1=1, 1nand0=1, 1nand1=0');
INSERT INTO S15827_LOGIC_TYPE(TYPE_NAME,DISTINCTIVE_SHAPE,TRUTH_TABLE) VALUES ('NOR','https://en.wikipedia.org/wiki/Logic_gate#/media/File:NOR_ANSI.svg','0nor0=1, 0nor1=0, 1nor0=0, 1nor1=0');
INSERT INTO S15827_LOGIC_TYPE(TYPE_NAME,DISTINCTIVE_SHAPE,TRUTH_TABLE) VALUES ('XNOR','https://en.wikipedia.org/wiki/Logic_gate#/media/File:XNOR_ANSI.svg','0xnor0=1, 0xnor1=0, 1xnor0=0, 1xnor1=1');
--============================================================================================================
--============================================================================================================
INSERT INTO S15827_IN_OUT(IO_NAME,DESCRIPTION) VALUES ('parallel','Method of conveying multiple binary digits(bits) simultaneously');
INSERT INTO S15827_IN_OUT(IO_NAME,DESCRIPTION) VALUES ('serial','Process of sending data one bit at a time sequentially over a communication channel');
--============================================================================================================
--============================================================================================================
INSERT INTO S15827_REGISTER_TYPE(TYPE_NAME,DESCRIPTION) VALUES ('SISO','(Serial-in Serial-out) A simple single control system with one input and one output');
INSERT INTO S15827_REGISTER_TYPE(TYPE_NAME,DESCRIPTION) VALUES ('SIPO','(Serial-in parallel-out) This configuration allows conversion from serial to parallel format');
INSERT INTO S15827_REGISTER_TYPE(TYPE_NAME,DESCRIPTION) VALUES ('PISO','(Parallel-in Serial-out) This configuration allows conversion from parallel to serial format');
--============================================================================================================
--============================================================================================================
INSERT INTO S15827_SWITCH_TYPE(TYPE_NAME,DESCRIPTION) VALUES ('SISO','(Single Input; Single Output)');
INSERT INTO S15827_SWITCH_TYPE(TYPE_NAME,DESCRIPTION) VALUES ('SIMO','(Single Input; Multiple Outputs) usually used in demultiplexers');
INSERT INTO S15827_SWITCH_TYPE(TYPE_NAME,DESCRIPTION) VALUES ('MISO','(Multiple Inputs; Single Output) usually used in multiplexers');
INSERT INTO S15827_SWITCH_TYPE(TYPE_NAME,DESCRIPTION) VALUES ('MIMO','(Multiple Inputs; Multiple Outputs)');
--============================================================================================================
--============================================================================================================
INSERT INTO S15827_ISA(ISA_NAME,COMPANY,BIT_REGISTER) VALUES ('AT89','Atmel',8);
INSERT INTO S15827_ISA(ISA_NAME,COMPANY,BIT_REGISTER) VALUES ('AT90','Atmel',8);
INSERT INTO S15827_ISA(ISA_NAME,COMPANY,BIT_REGISTER) VALUES ('ATtiny','Atmel',8);
INSERT INTO S15827_ISA(ISA_NAME,COMPANY,BIT_REGISTER) VALUES ('ATmega','Atmel',8);
INSERT INTO S15827_ISA(ISA_NAME,COMPANY,BIT_REGISTER) VALUES ('ATxmega','Atmel',8);
INSERT INTO S15827_ISA(ISA_NAME,COMPANY,BIT_REGISTER) VALUES ('AT91SAM','Atmel',8);
INSERT INTO S15827_ISA(ISA_NAME,COMPANY,BIT_REGISTER) VALUES ('AVR32','Atmel',32);
INSERT INTO S15827_ISA(ISA_NAME,COMPANY,BIT_REGISTER) VALUES ('PICmicro','Microchip Technology',8);
INSERT INTO S15827_ISA(ISA_NAME,COMPANY,BIT_REGISTER) VALUES ('PIC10','Microchip Technology',8);
INSERT INTO S15827_ISA(ISA_NAME,COMPANY,BIT_REGISTER) VALUES ('PIC12F','Microchip Technology',8);
INSERT INTO S15827_ISA(ISA_NAME,COMPANY,BIT_REGISTER) VALUES ('PIC16F','Microchip Technology',8);
INSERT INTO S15827_ISA(ISA_NAME,COMPANY,BIT_REGISTER) VALUES ('PIC18F','Microchip Technology',8);
INSERT INTO S15827_ISA(ISA_NAME,COMPANY,BIT_REGISTER) VALUES ('PIC24','Microchip Technology',16);
INSERT INTO S15827_ISA(ISA_NAME,COMPANY,BIT_REGISTER) VALUES ('dsPIC','Microchip Technology',16);
INSERT INTO S15827_ISA(ISA_NAME,COMPANY,BIT_REGISTER) VALUES ('PIC32MM','Microchip Technology',32);
INSERT INTO S15827_ISA(ISA_NAME,COMPANY,BIT_REGISTER) VALUES ('PIC32MX','Microchip Technology',32);
INSERT INTO S15827_ISA(ISA_NAME,COMPANY,BIT_REGISTER) VALUES ('PIC32MZ','Microchip Technology',32);
INSERT INTO S15827_ISA(ISA_NAME,COMPANY,BIT_REGISTER) VALUES ('STM32','STMicroelectronics',32);
INSERT INTO S15827_ISA(ISA_NAME,COMPANY,BIT_REGISTER) VALUES ('STM32F','STMicroelectronics',32);
INSERT INTO S15827_ISA(ISA_NAME,COMPANY,BIT_REGISTER) VALUES ('ST20','STMicroelectronics',32);
INSERT INTO S15827_ISA(ISA_NAME,COMPANY,BIT_REGISTER) VALUES ('STR7','STMicroelectronics',32);
INSERT INTO S15827_ISA(ISA_NAME,COMPANY,BIT_REGISTER) VALUES ('STR9','STMicroelectronics',32);
INSERT INTO S15827_ISA(ISA_NAME,COMPANY,BIT_REGISTER) VALUES ('ST6','STMicroelectronics',8);
INSERT INTO S15827_ISA(ISA_NAME,COMPANY,BIT_REGISTER) VALUES ('ST7','STMicroelectronics',8);
INSERT INTO S15827_ISA(ISA_NAME,COMPANY,BIT_REGISTER) VALUES ('STM8','STMicroelectronics',8);
INSERT INTO S15827_ISA(ISA_NAME,COMPANY,BIT_REGISTER) VALUES ('ST10','STMicroelectronics',16);
--============================================================================================================
--============================================================================================================
--============================================================================================================
--============================================================================================================
INSERT INTO S15827_SKLEP(ID,NAME,SITE,LOCATION,CURRENCY) VALUES (1,'RS Components','http://uk.rs-online.com/web/','UNITED KINGDOM','GBP');
INSERT INTO S15827_SKLEP(ID,NAME,SITE,LOCATION,CURRENCY) VALUES (2,'Texas Instruments','http://www.ti.com/','AMERICA','USD');
INSERT INTO S15827_SKLEP(ID,NAME,SITE,LOCATION,CURRENCY) VALUES (3,'KAMAMI','https://kamami.pl/','WARSZAWA','PLN');
INSERT INTO S15827_SKLEP(ID,NAME,SITE,LOCATION,CURRENCY) VALUES (4,'Allegro','https://allegro.pl/','WARSZAWA','PLN');
--============================================================================================================
--============================================================================================================









-- __  __       _         _        _     _      
--|  \/  | __ _(_)_ __   | |_ __ _| |__ | | ___ 
--| |\/| |/ _` | | '_ \  | __/ _` | '_ \| |/ _ \
--| |  | | (_| | | | | | | || (_| | |_) | |  __/
--|_|  |_|\__,_|_|_| |_|  \__\__,_|_.__/|_|\___|
--============================================================================================================
--============================================================================================================
INSERT INTO S15827_INTEGRATED_CIRCUIT("NAME","SIZE",DATASHEET,PACKAGE_FORMAT) VALUES ('SN74HC595N','19.3x6.35x4.57mm','https://www.sparkfun.com/datasheets/IC/SN74HC595.pdf','DIP');
INSERT INTO S15827_INTEGRATED_CIRCUIT("NAME","SIZE",DATASHEET,PACKAGE_FORMAT) VALUES ('74HCT595D','10x4x1.45mm','http://assets.nexperia.com/documents/data-sheet/74HC_HCT595.pdf','SOIC');
INSERT INTO S15827_INTEGRATED_CIRCUIT("NAME","SIZE",DATASHEET,PACKAGE_FORMAT) VALUES ('CD4021BEE4','19.3x6.35x4.57mm','http://www.ti.com/lit/ds/symlink/cd4014b.pdf','DIP');
INSERT INTO S15827_INTEGRATED_CIRCUIT("NAME","SIZE",DATASHEET,PACKAGE_FORMAT) VALUES ('SN74HC165N','19.3x6.35x4.57mm','http://www.ti.com/lit/ds/symlink/sn74hc165.pdf','DIP');
INSERT INTO S15827_INTEGRATED_CIRCUIT("NAME","SIZE",DATASHEET,PACKAGE_FORMAT) VALUES ('CD4094BE','19.3x6.35x4.57mm','http://www.ti.com/lit/ds/symlink/cd4094b.pdf','DIP');
INSERT INTO S15827_INTEGRATED_CIRCUIT("NAME","SIZE",DATASHEET,PACKAGE_FORMAT) VALUES ('SN74HC594N','19.3x6.35x4.57mm','http://www.ti.com/lit/ds/symlink/sn74hc594.pdf','DIP');
INSERT INTO S15827_INTEGRATED_CIRCUIT("NAME","SIZE",DATASHEET,PACKAGE_FORMAT) VALUES ('74HC4094D','10x4x1.45mm','http://assets.nexperia.com/documents/data-sheet/74HC_HCT4094.pdf','SOIC');
INSERT INTO S15827_INTEGRATED_CIRCUIT("NAME","SIZE",DATASHEET,PACKAGE_FORMAT) VALUES ('TC74HC595AP(F)','19.25x6.4x3.5mm','http://docs-asia.electrocomponents.com/webdocs/109d/0900766b8109d526.pdf','DIP');
INSERT INTO S15827_INTEGRATED_CIRCUIT("NAME","SIZE",DATASHEET,PACKAGE_FORMAT) VALUES ('SN74LS194AN','19.3x6.35x4.57mm','http://www.onsemi.com/pub/Collateral/SN74LS194A-D.PDF','DIP');
INSERT INTO S15827_INTEGRATED_CIRCUIT("NAME","SIZE",DATASHEET,PACKAGE_FORMAT) VALUES ('TPIC6B595N','24.33x6.35x4.57mm','http://www.ti.com/lit/ds/symlink/tpic6b595.pdf','DIP');
INSERT INTO S15827_INTEGRATED_CIRCUIT("NAME","SIZE",DATASHEET,PACKAGE_FORMAT) VALUES ('SN74LS165ANE4','19.3x6.35x4.57mm','http://www.ti.com/lit/ds/symlink/sn54ls165a.pdf','DIP');
INSERT INTO S15827_INTEGRATED_CIRCUIT("NAME","SIZE",DATASHEET,PACKAGE_FORMAT) VALUES ('MIC5891YN','19.81x6.35x3.3mm','http://ww1.microchip.com/downloads/en/DeviceDoc/20005638A.pdf','DIP');
INSERT INTO S15827_INTEGRATED_CIRCUIT("NAME","SIZE",DATASHEET,PACKAGE_FORMAT) VALUES ('MIC5841YWM','11.66x7.65x2.39mm','http://ww1.microchip.com/downloads/en/DeviceDoc/mic5841.pdf','SOIC');
INSERT INTO S15827_INTEGRATED_CIRCUIT("NAME","SIZE",DATASHEET,PACKAGE_FORMAT) VALUES ('SN74HC164NE4','19.3x6.35x4.57mm','http://www.ti.com/lit/ds/symlink/sn54hc164-sp.pdf','DIP');
INSERT INTO S15827_INTEGRATED_CIRCUIT("NAME","SIZE",DATASHEET,PACKAGE_FORMAT) VALUES ('74LVC595ABQ','3.6x2.6x0.95mm','http://assets.nexperia.com/documents/data-sheet/74LVC595A.pdf','QFN');
INSERT INTO S15827_INTEGRATED_CIRCUIT("NAME","SIZE",DATASHEET,PACKAGE_FORMAT) VALUES ('SN74LS164N','19.3x6.35x4.57mm','http://www.ti.com/lit/ds/symlink/sn54ls164-sp.pdf','DIP');
INSERT INTO S15827_INTEGRATED_CIRCUIT("NAME","SIZE",DATASHEET,PACKAGE_FORMAT) VALUES ('SN74ALS299N','24.33x6.35x4.57mm','http://www.ti.com/lit/ds/symlink/sn54als299.pdf','DIP');
INSERT INTO S15827_INTEGRATED_CIRCUIT("NAME","SIZE",DATASHEET,PACKAGE_FORMAT) VALUES ('MIC5841YN','23.37x6.35x3.3mm','http://ww1.microchip.com/downloads/en/DeviceDoc/mic5841.pdf','DIP');
INSERT INTO S15827_INTEGRATED_CIRCUIT("NAME","SIZE",DATASHEET,PACKAGE_FORMAT) VALUES ('74VHC595M','9.9x3.9x1.45mm','http://www.mouser.com/ds/2/149/74VHC595-101446.pdf','SOIC');
INSERT INTO S15827_INTEGRATED_CIRCUIT("NAME","SIZE",DATASHEET,PACKAGE_FORMAT) VALUES ('CD74HC195E','19.3x6.35x4.57mm','http://www.ti.com/lit/ds/symlink/cd74hc195.pdf','DIP');
INSERT INTO S15827_INTEGRATED_CIRCUIT("NAME","SIZE",DATASHEET,PACKAGE_FORMAT) VALUES ('CD4093BE','19.3x6.35x4.57mm','http://www.ti.com/lit/ds/symlink/cd4093b.pdf','DIP');
INSERT INTO S15827_INTEGRATED_CIRCUIT("NAME","SIZE",DATASHEET,PACKAGE_FORMAT) VALUES ('SN74HC00N','19.3x6.35x4.57mm','http://www.ti.com/lit/ds/symlink/sn74hc00.pdf','DIP');
INSERT INTO S15827_INTEGRATED_CIRCUIT("NAME","SIZE",DATASHEET,PACKAGE_FORMAT) VALUES ('CD4081BE','19.3x6.35x4.57mm','http://www.ti.com/lit/ds/symlink/cd4082b.pdf','DIP');
INSERT INTO S15827_INTEGRATED_CIRCUIT("NAME","SIZE",DATASHEET,PACKAGE_FORMAT) VALUES ('SN74LS00N','19.3x6.35x4.57mm','http://www.ti.com/lit/ds/symlink/sn74ls00.pdf','DIP');
INSERT INTO S15827_INTEGRATED_CIRCUIT("NAME","SIZE",DATASHEET,PACKAGE_FORMAT) VALUES ('SN74HC00D','15.6x7.6x2.45mm','http://www.ti.com/lit/ds/symlink/sn74hc00.pdf','SOIC');
INSERT INTO S15827_INTEGRATED_CIRCUIT("NAME","SIZE",DATASHEET,PACKAGE_FORMAT) VALUES ('SN74HC02N','19.3x6.35x4.57mm','http://www.ti.com/lit/ds/symlink/sn74hc02.pdf','DIP');
INSERT INTO S15827_INTEGRATED_CIRCUIT("NAME","SIZE",DATASHEET,PACKAGE_FORMAT) VALUES ('SN74LS08N','19.3x6.35x4.57mm','http://www.ti.com/lit/ds/symlink/sn74ls08.pdf','DIP');
INSERT INTO S15827_INTEGRATED_CIRCUIT("NAME","SIZE",DATASHEET,PACKAGE_FORMAT) VALUES ('74LVC1G04Z-7','5x4.4x1.15mm','https://www.diodes.com/assets/Datasheets/74LVC1G04.pdf','SOT');
INSERT INTO S15827_INTEGRATED_CIRCUIT("NAME","SIZE",DATASHEET,PACKAGE_FORMAT) VALUES ('SN74LS32N','19.3x6.35x4.57mm','http://www.ti.com/lit/ds/symlink/sn7432.pdf','DIP');
INSERT INTO S15827_INTEGRATED_CIRCUIT("NAME","SIZE",DATASHEET,PACKAGE_FORMAT) VALUES ('SN74HC86N','19.3x6.35x4.57mm','http://www.ti.com/lit/ds/symlink/sn54hc86.pdf','DIP');
INSERT INTO S15827_INTEGRATED_CIRCUIT("NAME","SIZE",DATASHEET,PACKAGE_FORMAT) VALUES ('74HC32D','15.6x7.6x2.45mm','http://assets.nexperia.com/documents/data-sheet/74HC_HCT32.pdf','SOIC');
INSERT INTO S15827_INTEGRATED_CIRCUIT("NAME","SIZE",DATASHEET,PACKAGE_FORMAT) VALUES ('SN74AHCT1G08DBVR','5x4.4x1.15mm','http://www.ti.com/lit/ds/symlink/sn74ahct1g08.pdf','SOT');
INSERT INTO S15827_INTEGRATED_CIRCUIT("NAME","SIZE",DATASHEET,PACKAGE_FORMAT) VALUES ('SN74HC32N','19.3x6.35x4.57mm','http://www.ti.com/lit/ds/symlink/sn74hc32.pdf','DIP');
INSERT INTO S15827_INTEGRATED_CIRCUIT("NAME","SIZE",DATASHEET,PACKAGE_FORMAT) VALUES ('CD4070BE','19.3x6.35x4.57mm','http://www.ti.com/lit/ds/symlink/cd4077b.pdf','DIP');
INSERT INTO S15827_INTEGRATED_CIRCUIT("NAME","SIZE",DATASHEET,PACKAGE_FORMAT) VALUES ('CD4071BE','19.3x6.35x4.57mm','http://www.ti.com/lit/ds/symlink/cd4075b.pdf','DIP');
INSERT INTO S15827_INTEGRATED_CIRCUIT("NAME","SIZE",DATASHEET,PACKAGE_FORMAT) VALUES ('TC4001BP(N.F)','19.3x6.35x4.57mm',NULL,'DIP');
INSERT INTO S15827_INTEGRATED_CIRCUIT("NAME","SIZE",DATASHEET,PACKAGE_FORMAT) VALUES ('CD4001BEE4','19.3x6.35x4.57mm','http://www.ti.com/lit/ds/symlink/cd4002b.pdf','DIP');
INSERT INTO S15827_INTEGRATED_CIRCUIT("NAME","SIZE",DATASHEET,PACKAGE_FORMAT) VALUES ('NC7SZ08M5XX','5x4.4x1.15mm',NULL,'SOT');
INSERT INTO S15827_INTEGRATED_CIRCUIT("NAME","SIZE",DATASHEET,PACKAGE_FORMAT) VALUES ('74HC86D','15.6x7.6x2.45mm','http://assets.nexperia.com/documents/data-sheet/74HC_HCT86.pdf','SOIC');
INSERT INTO S15827_INTEGRATED_CIRCUIT("NAME","SIZE",DATASHEET,PACKAGE_FORMAT) VALUES ('CD4077BEE4','19.3x6.35x4.57mm','http://www.ti.com/lit/ds/symlink/cd4077b.pdf','DIP');
INSERT INTO S15827_INTEGRATED_CIRCUIT("NAME","SIZE",DATASHEET,PACKAGE_FORMAT) VALUES ('74HC154D','15.6x7.6x2.45mm','http://assets.nexperia.com/documents/data-sheet/74HC_HCT154.pdf','SOIC');
INSERT INTO S15827_INTEGRATED_CIRCUIT("NAME","SIZE",DATASHEET,PACKAGE_FORMAT) VALUES ('SN74HC138N','19.3x6.35x4.57mm','http://www.ti.com/lit/ds/symlink/sn74hc138.pdf','DIP');
INSERT INTO S15827_INTEGRATED_CIRCUIT("NAME","SIZE",DATASHEET,PACKAGE_FORMAT) VALUES ('SN74LS138N','19.3x6.35x4.57mm','http://www.ti.com/lit/ds/symlink/sn54s138.pdf','DIP');
INSERT INTO S15827_INTEGRATED_CIRCUIT("NAME","SIZE",DATASHEET,PACKAGE_FORMAT) VALUES ('CD4028BEE4','19.3x6.35x4.57mm','http://www.ti.com/lit/ds/symlink/cd4028b.pdf','DIP');
INSERT INTO S15827_INTEGRATED_CIRCUIT("NAME","SIZE",DATASHEET,PACKAGE_FORMAT) VALUES ('CD74HCT238E','19.3x6.35x4.57mm','http://www.ti.com/lit/ds/symlink/cd74hc238.pdf','DIP');
INSERT INTO S15827_INTEGRATED_CIRCUIT("NAME","SIZE",DATASHEET,PACKAGE_FORMAT) VALUES ('CD74HC238M','9.9x3.91x1.58mm','http://www.ti.com/lit/ds/symlink/cd74hct138.pdf','SOIC');
INSERT INTO S15827_INTEGRATED_CIRCUIT("NAME","SIZE",DATASHEET,PACKAGE_FORMAT) VALUES ('SN74LVC138APW','5x4.4x1.15mm','http://www.ti.com/lit/ds/symlink/sn74lvc138a.pdf','SOP');
INSERT INTO S15827_INTEGRATED_CIRCUIT("NAME","SIZE",DATASHEET,PACKAGE_FORMAT) VALUES ('CD74HCT154M','15.4x7.52x2.35mm','http://www.ti.com/lit/ds/symlink/cd74hct154.pdf','SOIC');
INSERT INTO S15827_INTEGRATED_CIRCUIT("NAME","SIZE",DATASHEET,PACKAGE_FORMAT) VALUES ('CD74HC154M96','15.4x7.52x2.35mm','http://www.ti.com/lit/ds/symlink/cd74hct154.pdf','SOIC');
INSERT INTO S15827_INTEGRATED_CIRCUIT("NAME","SIZE",DATASHEET,PACKAGE_FORMAT) VALUES ('SN74LVC1G18DBVR','2.9x1.6x1.15mm','http://www.ti.com/lit/ds/symlink/sn74lvc1g18.pdf','SOT');
INSERT INTO S15827_INTEGRATED_CIRCUIT("NAME","SIZE",DATASHEET,PACKAGE_FORMAT) VALUES ('SN74LVC1G139DCTT','2.95x2.8x1.29mm','http://www.ti.com/lit/ds/symlink/sn74lvc1g139.pdf','SOP');
INSERT INTO S15827_INTEGRATED_CIRCUIT("NAME","SIZE",DATASHEET,PACKAGE_FORMAT) VALUES ('CD74HCT4067-Q1','15.4x7.52x2.35mm','http://www.ti.com/lit/ds/symlink/cd74hc4067.pdf','SOIC');
INSERT INTO S15827_INTEGRATED_CIRCUIT("NAME","SIZE",DATASHEET,PACKAGE_FORMAT) VALUES ('SN74CBTLV16211C','5x4.4x1.15mm','http://www.ti.com/lit/ds/symlink/sn74cbtlv16211c.pdf','BGA');
INSERT INTO S15827_INTEGRATED_CIRCUIT("NAME","SIZE",DATASHEET,PACKAGE_FORMAT) VALUES ('CD4051B-Q1','5x4.4x1.15mm','http://www.ti.com/lit/ds/symlink/cd4051b-mil.pdf','SOP');
INSERT INTO S15827_INTEGRATED_CIRCUIT("NAME","SIZE",DATASHEET,PACKAGE_FORMAT) VALUES ('SN74HC4851-Q1','6.4x5x1.15mm','http://www.ti.com/lit/ds/symlink/sn74hc4851.pdf','SOP');
INSERT INTO S15827_INTEGRATED_CIRCUIT("NAME","SIZE",DATASHEET,PACKAGE_FORMAT) VALUES ('ATTINY85-20PU','5.4x5.3x1.7mm','http://www.atmel.com/images/atmel-2586-avr-8-bit-microcontroller-attiny25-attiny45-attiny85_datasheet.pdf','DIP');
INSERT INTO S15827_INTEGRATED_CIRCUIT("NAME","SIZE",DATASHEET,PACKAGE_FORMAT) VALUES ('ATMEGA328P-PU','24.33x6.35x4.57mm','http://www.atmel.com/images/Atmel-8271-8-bit-AVR-Microcontroller-ATmega48A-48PA-88A-88PA-168A-168PA-328-328P_datasheet_Complete.pdf','DIP');
INSERT INTO S15827_INTEGRATED_CIRCUIT("NAME","SIZE",DATASHEET,PACKAGE_FORMAT) VALUES ('PIC16F877A-I/P','24.33x6.35x4.57mm','http://ww1.microchip.com/downloads/en/DeviceDoc/39582b.pdf','DIP');
INSERT INTO S15827_INTEGRATED_CIRCUIT("NAME","SIZE",DATASHEET,PACKAGE_FORMAT) VALUES ('ATTINY84A-PU','5.4x5.3x1.7mm','http://ww1.microchip.com/downloads/en/DeviceDoc/8183S.pdf','DIP');
INSERT INTO S15827_INTEGRATED_CIRCUIT("NAME","SIZE",DATASHEET,PACKAGE_FORMAT) VALUES ('PIC32MX170F256B-50I/SP','24.33x6.35x4.57mm','http://ww1.microchip.com/downloads/en/DeviceDoc/60001168F.pdf','DIP');
INSERT INTO S15827_INTEGRATED_CIRCUIT("NAME","SIZE",DATASHEET,PACKAGE_FORMAT) VALUES ('PIC16F73-I/SP','24.33x6.35x4.57mm','http://ww1.microchip.com/downloads/en/DeviceDoc/30325b.pdf','DIP');
INSERT INTO S15827_INTEGRATED_CIRCUIT("NAME","SIZE",DATASHEET,PACKAGE_FORMAT) VALUES ('STM32F407VGT6','7x7x2.5mm',NULL,'QFP');
INSERT INTO S15827_INTEGRATED_CIRCUIT("NAME","SIZE",DATASHEET,PACKAGE_FORMAT) VALUES ('PIC12F675-I/P','5.4x5.3x1.7mm','http://ww1.microchip.com/downloads/en/devicedoc/41190c.pdf','DIP');
INSERT INTO S15827_INTEGRATED_CIRCUIT("NAME","SIZE",DATASHEET,PACKAGE_FORMAT) VALUES ('PIC18F4550-I/P','24.33x6.35x4.57mm','http://ww1.microchip.com/downloads/en/DeviceDoc/39632e.pdf','DIP');
INSERT INTO S15827_INTEGRATED_CIRCUIT("NAME","SIZE",DATASHEET,PACKAGE_FORMAT) VALUES ('PIC32MX250F128B-50I/SO','6x6x1.5mm','https://people.ece.cornell.edu/land/courses/ece4760/PIC32/Microchip_stuff/2xx_datasheet.pdf','SOIC');
INSERT INTO S15827_INTEGRATED_CIRCUIT("NAME","SIZE",DATASHEET,PACKAGE_FORMAT) VALUES ('STM32F767ZIT6','7x7x2.5mm','http://www.mouser.com/ds/2/389/en.DM00273119-1099364.pdf','QFP');
INSERT INTO S15827_INTEGRATED_CIRCUIT("NAME","SIZE",DATASHEET,PACKAGE_FORMAT) VALUES ('STM32F030F4P6','10x10x2.5mm',NULL,'SOP');
INSERT INTO S15827_INTEGRATED_CIRCUIT("NAME","SIZE",DATASHEET,PACKAGE_FORMAT) VALUES ('PIC12F508-I/P','5.4x5.3x1.7mm','http://ww1.microchip.com/downloads/en/DeviceDoc/41236E.pdf','DIP');
INSERT INTO S15827_INTEGRATED_CIRCUIT("NAME","SIZE",DATASHEET,PACKAGE_FORMAT) VALUES ('PIC12F629-I/SN','5.4x5.3x1.7mm','http://ww1.microchip.com/downloads/en/devicedoc/41190c.pdf','SOIC');
INSERT INTO S15827_INTEGRATED_CIRCUIT("NAME","SIZE",DATASHEET,PACKAGE_FORMAT) VALUES ('ATTINY13A-PU','5.4x5.3x1.7mm','http://www.atmel.com/images/doc8126.pdf','DIP');
INSERT INTO S15827_INTEGRATED_CIRCUIT("NAME","SIZE",DATASHEET,PACKAGE_FORMAT) VALUES ('ATSHA204A-STUCZ-T','3.04x1.4x1.02mm','http://www.atmel.com/images/Atmel-8885-CryptoAuth-ATSHA204A-Datasheet.pdf','SOT');
INSERT INTO S15827_INTEGRATED_CIRCUIT("NAME","SIZE",DATASHEET,PACKAGE_FORMAT) VALUES ('24LC256-I/SN','4.9x3.9x1.25mm','http://ww1.microchip.com/downloads/en/DeviceDoc/21203M.pdf','SOIC');
INSERT INTO S15827_INTEGRATED_CIRCUIT("NAME","SIZE",DATASHEET,PACKAGE_FORMAT) VALUES ('AT28C256-15PU','37.34x13.97x4.83mm','http://ww1.microchip.com/downloads/en/DeviceDoc/doc0006.pdf','DIP');
INSERT INTO S15827_INTEGRATED_CIRCUIT("NAME","SIZE",DATASHEET,PACKAGE_FORMAT) VALUES ('M24M02-DRMN6TP','5x4x1.25mm','http://www.mouser.com/ds/2/389/m24m02-dr-954993.pdf','SOIC');
INSERT INTO S15827_INTEGRATED_CIRCUIT("NAME","SIZE",DATASHEET,PACKAGE_FORMAT) VALUES ('AT28C64B-15SU','18.1x7.6x2.35mm','http://www.mouser.com/ds/2/268/doc0270-1066081.pdf','SOIC');
INSERT INTO S15827_INTEGRATED_CIRCUIT("NAME","SIZE",DATASHEET,PACKAGE_FORMAT) VALUES ('24LC512-I/P','9.4x6.35x3.3mm','http://ww1.microchip.com/downloads/en/DeviceDoc/21754M.pdf','DIP');
INSERT INTO S15827_INTEGRATED_CIRCUIT("NAME","SIZE",DATASHEET,PACKAGE_FORMAT) VALUES ('24LC1025-I/SN','4.9x3.9x1.25mm','http://ww1.microchip.com/downloads/en/devicedoc/21941g.pdf','SOIC');
INSERT INTO S15827_INTEGRATED_CIRCUIT("NAME","SIZE",DATASHEET,PACKAGE_FORMAT) VALUES ('M24C02-WBN6P','9.27x6.35x3.3mm',NULL,'DIP');
INSERT INTO S15827_INTEGRATED_CIRCUIT("NAME","SIZE",DATASHEET,PACKAGE_FORMAT) VALUES ('24LC64T-I/OT','3.1x1.8x1.3mm','http://ww1.microchip.com/downloads/en/DeviceDoc/21189R.pdf','SOT');
INSERT INTO S15827_INTEGRATED_CIRCUIT("NAME","SIZE",DATASHEET,PACKAGE_FORMAT) VALUES ('M95M02-DRMN6TP','5x4x1.25mm',NULL,'SOIC');
INSERT INTO S15827_INTEGRATED_CIRCUIT("NAME","SIZE",DATASHEET,PACKAGE_FORMAT) VALUES ('M24LR04E-RDW6T/2','3.1x4.5x1.05mm',NULL,'SOP');
INSERT INTO S15827_INTEGRATED_CIRCUIT("NAME","SIZE",DATASHEET,PACKAGE_FORMAT) VALUES ('ATSHA204-SH-DA-B','4.9x3.9x1.75mm','http://www.atmel.com/Images/Atmel-8740-CryptoAuth-ATSHA204-Datasheet.pdf','SOIC');
INSERT INTO S15827_INTEGRATED_CIRCUIT("NAME","SIZE",DATASHEET,PACKAGE_FORMAT) VALUES ('24LC1025-I/P','9.4x6.35x3.3mm','http://ww1.microchip.com/downloads/en/devicedoc/21941g.pdf','DIP');
INSERT INTO S15827_INTEGRATED_CIRCUIT("NAME","SIZE",DATASHEET,PACKAGE_FORMAT) VALUES ('AT25040B-SSHL-B','5.05x3.99x1.5mm','http://www.atmel.com/images/Atmel-8707-SEEPROM-AT25010B-020B-040B-Datasheet.pdf','SOIC');
INSERT INTO S15827_INTEGRATED_CIRCUIT("NAME","SIZE",DATASHEET,PACKAGE_FORMAT) VALUES ('24LC16B/SN','4.9x3.9x1.5mm','http://ww1.microchip.com/downloads/en/DeviceDoc/20002213B.pdf','SOIC');
--============================================================================================================
--============================================================================================================







-- ____        _               _                        _           
--/ ___| _   _| |__   ___ __ _| |_ ___  __ _  ___  _ __(_) ___  ___ 
--\___ \| | | | '_ \ / __/ _` | __/ _ \/ _` |/ _ \| '__| |/ _ \/ __|
-- ___) | |_| | |_) | (_| (_| | ||  __/ (_| | (_) | |  | |  __/\__ \
--|____/ \__,_|_.__/ \___\__,_|\__\___|\__, |\___/|_|  |_|\___||___/
--                                     |___/
--============================================================================================================
--============================================================================================================
INSERT INTO S15827_REL_IC_SKLEP(CIRCUIT_NAME,SKLEP,CENA,"NUMBER") VALUES ('ATSHA204A-STUCZ-T',2,0.216,1);
INSERT INTO S15827_REL_IC_SKLEP(CIRCUIT_NAME,SKLEP,CENA,"NUMBER") VALUES ('24LC256-I/SN',2,0.38,2);
INSERT INTO S15827_REL_IC_SKLEP(CIRCUIT_NAME,SKLEP,CENA,"NUMBER") VALUES ('AT28C256-15PU',2,0.714,2);
INSERT INTO S15827_REL_IC_SKLEP(CIRCUIT_NAME,SKLEP,CENA,"NUMBER") VALUES ('M24M02-DRMN6TP',2,0.141,1);
INSERT INTO S15827_REL_IC_SKLEP(CIRCUIT_NAME,SKLEP,CENA,"NUMBER") VALUES ('AT28C64B-15SU',2,2.605,2);
INSERT INTO S15827_REL_IC_SKLEP(CIRCUIT_NAME,SKLEP,CENA,"NUMBER") VALUES ('24LC512-I/P',2,0.194,1);
INSERT INTO S15827_REL_IC_SKLEP(CIRCUIT_NAME,SKLEP,CENA,"NUMBER") VALUES ('24LC1025-I/SN',2,0.153,1);
INSERT INTO S15827_REL_IC_SKLEP(CIRCUIT_NAME,SKLEP,CENA,"NUMBER") VALUES ('M24C02-WBN6P',2,0.401,1);
INSERT INTO S15827_REL_IC_SKLEP(CIRCUIT_NAME,SKLEP,CENA,"NUMBER") VALUES ('24LC64T-I/OT',2,0.194,1);
INSERT INTO S15827_REL_IC_SKLEP(CIRCUIT_NAME,SKLEP,CENA,"NUMBER") VALUES ('M95M02-DRMN6TP',2,0.325,1);
INSERT INTO S15827_REL_IC_SKLEP(CIRCUIT_NAME,SKLEP,CENA,"NUMBER") VALUES ('M24LR04E-RDW6T/2',2,2.51,2);
INSERT INTO S15827_REL_IC_SKLEP(CIRCUIT_NAME,SKLEP,CENA,"NUMBER") VALUES ('ATSHA204-SH-DA-B',2,0.32,1);
INSERT INTO S15827_REL_IC_SKLEP(CIRCUIT_NAME,SKLEP,CENA,"NUMBER") VALUES ('24LC1025-I/P',2,0.09,1);
INSERT INTO S15827_REL_IC_SKLEP(CIRCUIT_NAME,SKLEP,CENA,"NUMBER") VALUES ('AT25040B-SSHL-B',2,1.515,1);
INSERT INTO S15827_REL_IC_SKLEP(CIRCUIT_NAME,SKLEP,CENA,"NUMBER") VALUES ('24LC16B/SN',2,0.17,1);
INSERT INTO S15827_REL_IC_SKLEP(CIRCUIT_NAME,SKLEP,CENA,"NUMBER") VALUES ('CD4093BE',2,0.301,1);
INSERT INTO S15827_REL_IC_SKLEP(CIRCUIT_NAME,SKLEP,CENA,"NUMBER") VALUES ('SN74HC00N',2,6.26,25);
INSERT INTO S15827_REL_IC_SKLEP(CIRCUIT_NAME,SKLEP,CENA,"NUMBER") VALUES ('CD4081BE',2,0.301,1);
INSERT INTO S15827_REL_IC_SKLEP(CIRCUIT_NAME,SKLEP,CENA,"NUMBER") VALUES ('SN74LS00N',2,16.75,25);
INSERT INTO S15827_REL_IC_SKLEP(CIRCUIT_NAME,SKLEP,CENA,"NUMBER") VALUES ('SN74HC00D',2,0.235,1);
INSERT INTO S15827_REL_IC_SKLEP(CIRCUIT_NAME,SKLEP,CENA,"NUMBER") VALUES ('SN74HC02N',2,0.31,1);
INSERT INTO S15827_REL_IC_SKLEP(CIRCUIT_NAME,SKLEP,CENA,"NUMBER") VALUES ('SN74LS08N',2,0.382,1);
INSERT INTO S15827_REL_IC_SKLEP(CIRCUIT_NAME,SKLEP,CENA,"NUMBER") VALUES ('74LVC1G04Z-7',2,0.124,1);
INSERT INTO S15827_REL_IC_SKLEP(CIRCUIT_NAME,SKLEP,CENA,"NUMBER") VALUES ('SN74LS32N',2,0.407,1);
INSERT INTO S15827_REL_IC_SKLEP(CIRCUIT_NAME,SKLEP,CENA,"NUMBER") VALUES ('SN74HC86N',2,0.258,1);
INSERT INTO S15827_REL_IC_SKLEP(CIRCUIT_NAME,SKLEP,CENA,"NUMBER") VALUES ('74HC32D',2,0.31,1);
INSERT INTO S15827_REL_IC_SKLEP(CIRCUIT_NAME,SKLEP,CENA,"NUMBER") VALUES ('SN74AHCT1G08DBVR',2,0.215,1);
INSERT INTO S15827_REL_IC_SKLEP(CIRCUIT_NAME,SKLEP,CENA,"NUMBER") VALUES ('SN74HC32N',2,0.239,1);
INSERT INTO S15827_REL_IC_SKLEP(CIRCUIT_NAME,SKLEP,CENA,"NUMBER") VALUES ('CD4070BE',2,0.301,1);
INSERT INTO S15827_REL_IC_SKLEP(CIRCUIT_NAME,SKLEP,CENA,"NUMBER") VALUES ('CD4071BE',2,1.15,2);
INSERT INTO S15827_REL_IC_SKLEP(CIRCUIT_NAME,SKLEP,CENA,"NUMBER") VALUES ('TC4001BP(N.F)',2,0.216,1);
INSERT INTO S15827_REL_IC_SKLEP(CIRCUIT_NAME,SKLEP,CENA,"NUMBER") VALUES ('CD4001BEE4',2,0.301,1);
INSERT INTO S15827_REL_IC_SKLEP(CIRCUIT_NAME,SKLEP,CENA,"NUMBER") VALUES ('NC7SZ08M5XX',2,0.168,1);
INSERT INTO S15827_REL_IC_SKLEP(CIRCUIT_NAME,SKLEP,CENA,"NUMBER") VALUES ('74HC86D',2,0.31,1);
INSERT INTO S15827_REL_IC_SKLEP(CIRCUIT_NAME,SKLEP,CENA,"NUMBER") VALUES ('CD4077BEE4',2,0.178,1);
INSERT INTO S15827_REL_IC_SKLEP(CIRCUIT_NAME,SKLEP,CENA,"NUMBER") VALUES ('ATTINY85-20PU',2,1.48,2);
INSERT INTO S15827_REL_IC_SKLEP(CIRCUIT_NAME,SKLEP,CENA,"NUMBER") VALUES ('ATMEGA328P-PU',2,2.025,2);
INSERT INTO S15827_REL_IC_SKLEP(CIRCUIT_NAME,SKLEP,CENA,"NUMBER") VALUES ('PIC16F877A-I/P',2,4.40,2);
INSERT INTO S15827_REL_IC_SKLEP(CIRCUIT_NAME,SKLEP,CENA,"NUMBER") VALUES ('ATTINY84A-PU',2,1.42,1);
INSERT INTO S15827_REL_IC_SKLEP(CIRCUIT_NAME,SKLEP,CENA,"NUMBER") VALUES ('PIC32MX170F256B-50I/SP',2,3.293,3);
INSERT INTO S15827_REL_IC_SKLEP(CIRCUIT_NAME,SKLEP,CENA,"NUMBER") VALUES ('PIC16F73-I/SP',2,3.07,1);
INSERT INTO S15827_REL_IC_SKLEP(CIRCUIT_NAME,SKLEP,CENA,"NUMBER") VALUES ('STM32F407VGT6',2,9.03,1);
INSERT INTO S15827_REL_IC_SKLEP(CIRCUIT_NAME,SKLEP,CENA,"NUMBER") VALUES ('PIC12F675-I/P',2,0.896,5);
INSERT INTO S15827_REL_IC_SKLEP(CIRCUIT_NAME,SKLEP,CENA,"NUMBER") VALUES ('PIC18F4550-I/P',2,3.98,1);
INSERT INTO S15827_REL_IC_SKLEP(CIRCUIT_NAME,SKLEP,CENA,"NUMBER") VALUES ('PIC32MX250F128B-50I/SO',2,3.15,1);
INSERT INTO S15827_REL_IC_SKLEP(CIRCUIT_NAME,SKLEP,CENA,"NUMBER") VALUES ('STM32F767ZIT6',2,11.86,1);
INSERT INTO S15827_REL_IC_SKLEP(CIRCUIT_NAME,SKLEP,CENA,"NUMBER") VALUES ('STM32F030F4P6',2,0.404,1);
INSERT INTO S15827_REL_IC_SKLEP(CIRCUIT_NAME,SKLEP,CENA,"NUMBER") VALUES ('PIC12F508-I/P',2,0.58,1);
INSERT INTO S15827_REL_IC_SKLEP(CIRCUIT_NAME,SKLEP,CENA,"NUMBER") VALUES ('PIC12F629-I/SN',2,0.824,1);
INSERT INTO S15827_REL_IC_SKLEP(CIRCUIT_NAME,SKLEP,CENA,"NUMBER") VALUES ('ATTINY13A-PU',2,0.65,1);
INSERT INTO S15827_REL_IC_SKLEP(CIRCUIT_NAME,SKLEP,CENA,"NUMBER") VALUES ('74HC154D',2,0.756,1);
INSERT INTO S15827_REL_IC_SKLEP(CIRCUIT_NAME,SKLEP,CENA,"NUMBER") VALUES ('SN74HC138N',2,0.251,1);
INSERT INTO S15827_REL_IC_SKLEP(CIRCUIT_NAME,SKLEP,CENA,"NUMBER") VALUES ('SN74LS138N',2,12.72,25);
INSERT INTO S15827_REL_IC_SKLEP(CIRCUIT_NAME,SKLEP,CENA,"NUMBER") VALUES ('CD4028BEE4',2,0.402,1);
INSERT INTO S15827_REL_IC_SKLEP(CIRCUIT_NAME,SKLEP,CENA,"NUMBER") VALUES ('CD74HCT238E',2,0.43,1);
INSERT INTO S15827_REL_IC_SKLEP(CIRCUIT_NAME,SKLEP,CENA,"NUMBER") VALUES ('CD74HC238M',2,0.334,1);
INSERT INTO S15827_REL_IC_SKLEP(CIRCUIT_NAME,SKLEP,CENA,"NUMBER") VALUES ('SN74LVC138APW',2,0.128,1);
INSERT INTO S15827_REL_IC_SKLEP(CIRCUIT_NAME,SKLEP,CENA,"NUMBER") VALUES ('CD74HCT154M',2,0.676,5);
INSERT INTO S15827_REL_IC_SKLEP(CIRCUIT_NAME,SKLEP,CENA,"NUMBER") VALUES ('CD74HC154M96',2,0.478,5);
INSERT INTO S15827_REL_IC_SKLEP(CIRCUIT_NAME,SKLEP,CENA,"NUMBER") VALUES ('SN74LVC1G18DBVR',2,0.202,1);
INSERT INTO S15827_REL_IC_SKLEP(CIRCUIT_NAME,SKLEP,CENA,"NUMBER") VALUES ('SN74LVC1G139DCTT',2,0.782,1);
INSERT INTO S15827_REL_IC_SKLEP(CIRCUIT_NAME,SKLEP,CENA,"NUMBER") VALUES ('CD74HCT4067-Q1',2,0.32,1);
INSERT INTO S15827_REL_IC_SKLEP(CIRCUIT_NAME,SKLEP,CENA,"NUMBER") VALUES ('SN74CBTLV16211C',2,1.06,1);
INSERT INTO S15827_REL_IC_SKLEP(CIRCUIT_NAME,SKLEP,CENA,"NUMBER") VALUES ('CD4051B-Q1',2,0.17,1);
INSERT INTO S15827_REL_IC_SKLEP(CIRCUIT_NAME,SKLEP,CENA,"NUMBER") VALUES ('SN74HC4851-Q1',2,0.22,1);
INSERT INTO S15827_REL_IC_SKLEP(CIRCUIT_NAME,SKLEP,CENA,"NUMBER") VALUES ('SN74HC595N',2,0.322,1);
INSERT INTO S15827_REL_IC_SKLEP(CIRCUIT_NAME,SKLEP,CENA,"NUMBER") VALUES ('74HCT595D',2,15.13,50);
INSERT INTO S15827_REL_IC_SKLEP(CIRCUIT_NAME,SKLEP,CENA,"NUMBER") VALUES ('CD4021BEE4',2,0.388,1);
INSERT INTO S15827_REL_IC_SKLEP(CIRCUIT_NAME,SKLEP,CENA,"NUMBER") VALUES ('SN74HC165N',2,7.02,25);
INSERT INTO S15827_REL_IC_SKLEP(CIRCUIT_NAME,SKLEP,CENA,"NUMBER") VALUES ('CD4094BE',2,0.178,1);
INSERT INTO S15827_REL_IC_SKLEP(CIRCUIT_NAME,SKLEP,CENA,"NUMBER") VALUES ('SN74HC594N',2,0.494,1);
INSERT INTO S15827_REL_IC_SKLEP(CIRCUIT_NAME,SKLEP,CENA,"NUMBER") VALUES ('74HC4094D',2,11.04,50);
INSERT INTO S15827_REL_IC_SKLEP(CIRCUIT_NAME,SKLEP,CENA,"NUMBER") VALUES ('TC74HC595AP(F)',2,0.828,1);
INSERT INTO S15827_REL_IC_SKLEP(CIRCUIT_NAME,SKLEP,CENA,"NUMBER") VALUES ('SN74LS194AN',2,1.13,1);
INSERT INTO S15827_REL_IC_SKLEP(CIRCUIT_NAME,SKLEP,CENA,"NUMBER") VALUES ('TPIC6B595N',2,1.248,5);
INSERT INTO S15827_REL_IC_SKLEP(CIRCUIT_NAME,SKLEP,CENA,"NUMBER") VALUES ('SN74LS165ANE4',2,0.288,1);
INSERT INTO S15827_REL_IC_SKLEP(CIRCUIT_NAME,SKLEP,CENA,"NUMBER") VALUES ('MIC5891YN',2,1.682,1);
INSERT INTO S15827_REL_IC_SKLEP(CIRCUIT_NAME,SKLEP,CENA,"NUMBER") VALUES ('MIC5841YWM',2,2.65,2);
INSERT INTO S15827_REL_IC_SKLEP(CIRCUIT_NAME,SKLEP,CENA,"NUMBER") VALUES ('SN74HC164NE4',2,0.35,1);
INSERT INTO S15827_REL_IC_SKLEP(CIRCUIT_NAME,SKLEP,CENA,"NUMBER") VALUES ('74LVC595ABQ',2,0.213,1);
INSERT INTO S15827_REL_IC_SKLEP(CIRCUIT_NAME,SKLEP,CENA,"NUMBER") VALUES ('SN74LS164N',2,0.53,1);
INSERT INTO S15827_REL_IC_SKLEP(CIRCUIT_NAME,SKLEP,CENA,"NUMBER") VALUES ('SN74ALS299N',2,4.61,1);
INSERT INTO S15827_REL_IC_SKLEP(CIRCUIT_NAME,SKLEP,CENA,"NUMBER") VALUES ('MIC5841YN',2,2.70,2);
INSERT INTO S15827_REL_IC_SKLEP(CIRCUIT_NAME,SKLEP,CENA,"NUMBER") VALUES ('74VHC595M',2,0.272,1);
INSERT INTO S15827_REL_IC_SKLEP(CIRCUIT_NAME,SKLEP,CENA,"NUMBER") VALUES ('CD74HC195E',2,0.63,1);
INSERT INTO S15827_REL_IC_SKLEP(CIRCUIT_NAME,SKLEP,CENA,"NUMBER") VALUES ('CD4093BE',4,1.2,1);
INSERT INTO S15827_REL_IC_SKLEP(CIRCUIT_NAME,SKLEP,CENA,"NUMBER") VALUES ('SN74HC00N',4,1.21,1);
INSERT INTO S15827_REL_IC_SKLEP(CIRCUIT_NAME,SKLEP,CENA,"NUMBER") VALUES ('CD4081BE',4,1.2,1);
INSERT INTO S15827_REL_IC_SKLEP(CIRCUIT_NAME,SKLEP,CENA,"NUMBER") VALUES ('SN74LS00N',4,3.49,1);
INSERT INTO S15827_REL_IC_SKLEP(CIRCUIT_NAME,SKLEP,CENA,"NUMBER") VALUES ('SN74HC00D',4,6.0,6);
INSERT INTO S15827_REL_IC_SKLEP(CIRCUIT_NAME,SKLEP,CENA,"NUMBER") VALUES ('SN74HC02N',4,2.9,1);
INSERT INTO S15827_REL_IC_SKLEP(CIRCUIT_NAME,SKLEP,CENA,"NUMBER") VALUES ('SN74LS08N',4,1.49,1);
INSERT INTO S15827_REL_IC_SKLEP(CIRCUIT_NAME,SKLEP,CENA,"NUMBER") VALUES ('SN74LS32N',4,1.99,1);
INSERT INTO S15827_REL_IC_SKLEP(CIRCUIT_NAME,SKLEP,CENA,"NUMBER") VALUES ('SN74HC86N',4,4,4);
INSERT INTO S15827_REL_IC_SKLEP(CIRCUIT_NAME,SKLEP,CENA,"NUMBER") VALUES ('74HC32D',4,1,2);
INSERT INTO S15827_REL_IC_SKLEP(CIRCUIT_NAME,SKLEP,CENA,"NUMBER") VALUES ('SN74HC32N',4,3,5);
INSERT INTO S15827_REL_IC_SKLEP(CIRCUIT_NAME,SKLEP,CENA,"NUMBER") VALUES ('CD4070BE',4,3,1);
INSERT INTO S15827_REL_IC_SKLEP(CIRCUIT_NAME,SKLEP,CENA,"NUMBER") VALUES ('CD4071BE',4,1.2,1);
INSERT INTO S15827_REL_IC_SKLEP(CIRCUIT_NAME,SKLEP,CENA,"NUMBER") VALUES ('74HC86D',4,1,1);
INSERT INTO S15827_REL_IC_SKLEP(CIRCUIT_NAME,SKLEP,CENA,"NUMBER") VALUES ('CD4077BEE4',4,4,5);
INSERT INTO S15827_REL_IC_SKLEP(CIRCUIT_NAME,SKLEP,CENA,"NUMBER") VALUES ('ATTINY85-20PU',4,9.5,1);
INSERT INTO S15827_REL_IC_SKLEP(CIRCUIT_NAME,SKLEP,CENA,"NUMBER") VALUES ('ATMEGA328P-PU',4,9.0,1);
INSERT INTO S15827_REL_IC_SKLEP(CIRCUIT_NAME,SKLEP,CENA,"NUMBER") VALUES ('ATTINY84A-PU',4,4.5,1);
INSERT INTO S15827_REL_IC_SKLEP(CIRCUIT_NAME,SKLEP,CENA,"NUMBER") VALUES ('PIC12F675-I/P',4,4.4,1);
INSERT INTO S15827_REL_IC_SKLEP(CIRCUIT_NAME,SKLEP,CENA,"NUMBER") VALUES ('ATTINY13A-PU',4,5.5,1);
INSERT INTO S15827_REL_IC_SKLEP(CIRCUIT_NAME,SKLEP,CENA,"NUMBER") VALUES ('74HC154D',4,1.8,1);
INSERT INTO S15827_REL_IC_SKLEP(CIRCUIT_NAME,SKLEP,CENA,"NUMBER") VALUES ('SN74HC138N',4,1.05,1);
INSERT INTO S15827_REL_IC_SKLEP(CIRCUIT_NAME,SKLEP,CENA,"NUMBER") VALUES ('SN74LS138N',4,2.49,1);
INSERT INTO S15827_REL_IC_SKLEP(CIRCUIT_NAME,SKLEP,CENA,"NUMBER") VALUES ('CD74HCT238E',4,4.92,2);
INSERT INTO S15827_REL_IC_SKLEP(CIRCUIT_NAME,SKLEP,CENA,"NUMBER") VALUES ('CD74HC238M',4,1.4,1);
INSERT INTO S15827_REL_IC_SKLEP(CIRCUIT_NAME,SKLEP,CENA,"NUMBER") VALUES ('SN74HC595N',4,2.8,2);
INSERT INTO S15827_REL_IC_SKLEP(CIRCUIT_NAME,SKLEP,CENA,"NUMBER") VALUES ('74HCT595D',4,2.5,1);
INSERT INTO S15827_REL_IC_SKLEP(CIRCUIT_NAME,SKLEP,CENA,"NUMBER") VALUES ('CD4021BEE4',4,1.5,1);
INSERT INTO S15827_REL_IC_SKLEP(CIRCUIT_NAME,SKLEP,CENA,"NUMBER") VALUES ('SN74HC165N',4,1.49,1);
INSERT INTO S15827_REL_IC_SKLEP(CIRCUIT_NAME,SKLEP,CENA,"NUMBER") VALUES ('CD4094BE',4,1.2,1);
INSERT INTO S15827_REL_IC_SKLEP(CIRCUIT_NAME,SKLEP,CENA,"NUMBER") VALUES ('SN74HC594N',4,1,1);
INSERT INTO S15827_REL_IC_SKLEP(CIRCUIT_NAME,SKLEP,CENA,"NUMBER") VALUES ('74HC4094D',4,1.96,2);
INSERT INTO S15827_REL_IC_SKLEP(CIRCUIT_NAME,SKLEP,CENA,"NUMBER") VALUES ('SN74LS194AN',4,4.92,4);
INSERT INTO S15827_REL_IC_SKLEP(CIRCUIT_NAME,SKLEP,CENA,"NUMBER") VALUES ('TPIC6B595N',4,9.84,1);
INSERT INTO S15827_REL_IC_SKLEP(CIRCUIT_NAME,SKLEP,CENA,"NUMBER") VALUES ('SN74LS165ANE4',4,1.5,1);
INSERT INTO S15827_REL_IC_SKLEP(CIRCUIT_NAME,SKLEP,CENA,"NUMBER") VALUES ('MIC5891YN',4,14.0,1);
INSERT INTO S15827_REL_IC_SKLEP(CIRCUIT_NAME,SKLEP,CENA,"NUMBER") VALUES ('SN74HC164NE4',4,1.2,1);
INSERT INTO S15827_REL_IC_SKLEP(CIRCUIT_NAME,SKLEP,CENA,"NUMBER") VALUES ('SN74LS164N',4,1.6,1);
INSERT INTO S15827_REL_IC_SKLEP(CIRCUIT_NAME,SKLEP,CENA,"NUMBER") VALUES ('SN74ALS299N',4,3,2);
INSERT INTO S15827_REL_IC_SKLEP(CIRCUIT_NAME,SKLEP,CENA,"NUMBER") VALUES ('74VHC595M',4,2.5,1);
INSERT INTO S15827_REL_IC_SKLEP(CIRCUIT_NAME,SKLEP,CENA,"NUMBER") VALUES ('CD74HC195E',4,1,1);
INSERT INTO S15827_REL_IC_SKLEP(CIRCUIT_NAME,SKLEP,CENA,"NUMBER") VALUES ('ATTINY85-20PU',3,9.1,1);
INSERT INTO S15827_REL_IC_SKLEP(CIRCUIT_NAME,SKLEP,CENA,"NUMBER") VALUES ('ATMEGA328P-PU',3,9.9,1);
INSERT INTO S15827_REL_IC_SKLEP(CIRCUIT_NAME,SKLEP,CENA,"NUMBER") VALUES ('PIC16F877A-I/P',3,16.63,1);
INSERT INTO S15827_REL_IC_SKLEP(CIRCUIT_NAME,SKLEP,CENA,"NUMBER") VALUES ('ATTINY13A-PU',3,5.84,1);
--============================================================================================================
--============================================================================================================
INSERT INTO S15827_FLASH_MEMORY(NAME,GPIO,MEMORY_SIZE,BITS_PER_WORD) VALUES ('ATSHA204A-STUCZ-T',3,'4kbit',8);
INSERT INTO S15827_FLASH_MEMORY(NAME,GPIO,MEMORY_SIZE,BITS_PER_WORD) VALUES ('24LC256-I/SN',8,'256kbit',8);
INSERT INTO S15827_FLASH_MEMORY(NAME,GPIO,MEMORY_SIZE,BITS_PER_WORD) VALUES ('AT28C256-15PU',28,'256kbit',8);
INSERT INTO S15827_FLASH_MEMORY(NAME,GPIO,MEMORY_SIZE,BITS_PER_WORD) VALUES ('M24M02-DRMN6TP',8,'2Mbit',8);
INSERT INTO S15827_FLASH_MEMORY(NAME,GPIO,MEMORY_SIZE,BITS_PER_WORD) VALUES ('AT28C64B-15SU',28,'64kbit',8);
INSERT INTO S15827_FLASH_MEMORY(NAME,GPIO,MEMORY_SIZE,BITS_PER_WORD) VALUES ('24LC512-I/P',8,'512kbit',8);
INSERT INTO S15827_FLASH_MEMORY(NAME,GPIO,MEMORY_SIZE,BITS_PER_WORD) VALUES ('24LC1025-I/SN',8,'1Mbit',8);
INSERT INTO S15827_FLASH_MEMORY(NAME,GPIO,MEMORY_SIZE,BITS_PER_WORD) VALUES ('M24C02-WBN6P',8,'2kbit',8);
INSERT INTO S15827_FLASH_MEMORY(NAME,GPIO,MEMORY_SIZE,BITS_PER_WORD) VALUES ('24LC64T-I/OT',5,'64kbit',8);
INSERT INTO S15827_FLASH_MEMORY(NAME,GPIO,MEMORY_SIZE,BITS_PER_WORD) VALUES ('M95M02-DRMN6TP',8,'2Mbit',8);
INSERT INTO S15827_FLASH_MEMORY(NAME,GPIO,MEMORY_SIZE,BITS_PER_WORD) VALUES ('M24LR04E-RDW6T/2',8,'4kbit',32);
INSERT INTO S15827_FLASH_MEMORY(NAME,GPIO,MEMORY_SIZE,BITS_PER_WORD) VALUES ('ATSHA204-SH-DA-B',8,'4.5kbit',32);
INSERT INTO S15827_FLASH_MEMORY(NAME,GPIO,MEMORY_SIZE,BITS_PER_WORD) VALUES ('24LC1025-I/P',8,'1Mbit',8);
INSERT INTO S15827_FLASH_MEMORY(NAME,GPIO,MEMORY_SIZE,BITS_PER_WORD) VALUES ('AT25040B-SSHL-B',8,'4kbit',8);
INSERT INTO S15827_FLASH_MEMORY(NAME,GPIO,MEMORY_SIZE,BITS_PER_WORD) VALUES ('24LC16B/SN',8,'16kbit',8);
--============================================================================================================
--============================================================================================================
INSERT INTO S15827_SHIFT_REGISTER(NAME,BIT_REGISTER,GPIO,IO,TYPE) VALUES ('SN74HC595N',8,16,'serial','SISO');
INSERT INTO S15827_SHIFT_REGISTER(NAME,BIT_REGISTER,GPIO,IO,TYPE) VALUES ('74HCT595D',8,16,'serial','SISO');
INSERT INTO S15827_SHIFT_REGISTER(NAME,BIT_REGISTER,GPIO,IO,TYPE) VALUES ('CD4021BEE4',8,16,'parallel','PISO');
INSERT INTO S15827_SHIFT_REGISTER(NAME,BIT_REGISTER,GPIO,IO,TYPE) VALUES ('SN74HC165N',8,16,'parallel','PISO');
INSERT INTO S15827_SHIFT_REGISTER(NAME,BIT_REGISTER,GPIO,IO,TYPE) VALUES ('CD4094BE',8,16,'serial','SIPO');
INSERT INTO S15827_SHIFT_REGISTER(NAME,BIT_REGISTER,GPIO,IO,TYPE) VALUES ('SN74HC594N',8,16,'serial','SISO');
INSERT INTO S15827_SHIFT_REGISTER(NAME,BIT_REGISTER,GPIO,IO,TYPE) VALUES ('74HC4094D',8,16,'serial','SISO');
INSERT INTO S15827_SHIFT_REGISTER(NAME,BIT_REGISTER,GPIO,IO,TYPE) VALUES ('TC74HC595AP(F)',8,16,'serial','SISO');
INSERT INTO S15827_SHIFT_REGISTER(NAME,BIT_REGISTER,GPIO,IO,TYPE) VALUES ('SN74LS194AN',4,16,'parallel','PISO');
INSERT INTO S15827_SHIFT_REGISTER(NAME,BIT_REGISTER,GPIO,IO,TYPE) VALUES ('TPIC6B595N',8,20,'serial','SIPO');
INSERT INTO S15827_SHIFT_REGISTER(NAME,BIT_REGISTER,GPIO,IO,TYPE) VALUES ('SN74LS165ANE4',8,16,'serial','SIPO');
INSERT INTO S15827_SHIFT_REGISTER(NAME,BIT_REGISTER,GPIO,IO,TYPE) VALUES ('MIC5891YN',8,16,'serial','SISO');
INSERT INTO S15827_SHIFT_REGISTER(NAME,BIT_REGISTER,GPIO,IO,TYPE) VALUES ('MIC5841YWM',8,18,'serial','SISO');
INSERT INTO S15827_SHIFT_REGISTER(NAME,BIT_REGISTER,GPIO,IO,TYPE) VALUES ('SN74HC164NE4',8,14,'serial','SIPO');
INSERT INTO S15827_SHIFT_REGISTER(NAME,BIT_REGISTER,GPIO,IO,TYPE) VALUES ('74LVC595ABQ',8,16,'serial','SISO');
INSERT INTO S15827_SHIFT_REGISTER(NAME,BIT_REGISTER,GPIO,IO,TYPE) VALUES ('SN74LS164N',8,14,'serial','SIPO');
INSERT INTO S15827_SHIFT_REGISTER(NAME,BIT_REGISTER,GPIO,IO,TYPE) VALUES ('SN74ALS299N',8,20,'parallel','PISO');
INSERT INTO S15827_SHIFT_REGISTER(NAME,BIT_REGISTER,GPIO,IO,TYPE) VALUES ('MIC5841YN',8,18,'serial','SISO');
INSERT INTO S15827_SHIFT_REGISTER(NAME,BIT_REGISTER,GPIO,IO,TYPE) VALUES ('74VHC595M',9,16,'serial','SIPO');
INSERT INTO S15827_SHIFT_REGISTER(NAME,BIT_REGISTER,GPIO,IO,TYPE) VALUES ('CD74HC195E',4,16,'parallel','PISO');
--============================================================================================================
--============================================================================================================
INSERT INTO S15827_MUX_DEMUX(NAME,GPIO,SWITCH_TYPE) VALUES ('74HC154D',25,'SIMO');
INSERT INTO S15827_MUX_DEMUX(NAME,GPIO,SWITCH_TYPE) VALUES ('SN74HC138N',16,'SIMO');
INSERT INTO S15827_MUX_DEMUX(NAME,GPIO,SWITCH_TYPE) VALUES ('SN74LS138N',16,'SIMO');
INSERT INTO S15827_MUX_DEMUX(NAME,GPIO,SWITCH_TYPE) VALUES ('CD4028BEE4',16,'SIMO');
INSERT INTO S15827_MUX_DEMUX(NAME,GPIO,SWITCH_TYPE) VALUES ('CD74HCT238E',16,'SIMO');
INSERT INTO S15827_MUX_DEMUX(NAME,GPIO,SWITCH_TYPE) VALUES ('CD74HC238M',16,'SIMO');
INSERT INTO S15827_MUX_DEMUX(NAME,GPIO,SWITCH_TYPE) VALUES ('SN74LVC138APW',16,'SIMO');
INSERT INTO S15827_MUX_DEMUX(NAME,GPIO,SWITCH_TYPE) VALUES ('CD74HCT154M',24,'SIMO');
INSERT INTO S15827_MUX_DEMUX(NAME,GPIO,SWITCH_TYPE) VALUES ('CD74HC154M96',24,'SIMO');
INSERT INTO S15827_MUX_DEMUX(NAME,GPIO,SWITCH_TYPE) VALUES ('SN74LVC1G18DBVR',6,'SIMO');
INSERT INTO S15827_MUX_DEMUX(NAME,GPIO,SWITCH_TYPE) VALUES ('SN74LVC1G139DCTT',8,'SIMO');
INSERT INTO S15827_MUX_DEMUX(NAME,GPIO,SWITCH_TYPE) VALUES ('CD74HCT4067-Q1',16,'MISO');
INSERT INTO S15827_MUX_DEMUX(NAME,GPIO,SWITCH_TYPE) VALUES ('SN74CBTLV16211C',24,'MISO');
INSERT INTO S15827_MUX_DEMUX(NAME,GPIO,SWITCH_TYPE) VALUES ('CD4051B-Q1',8,'MISO');
INSERT INTO S15827_MUX_DEMUX(NAME,GPIO,SWITCH_TYPE) VALUES ('SN74HC4851-Q1',8,'MISO');
--============================================================================================================
--============================================================================================================
INSERT INTO S15827_MICROCONTROLLER(NAME,FAMILY_NAME,PROCESSOR_CORE,FLASH_MEMORY,GPIO,TIMER,PWM_GENERATOR,WATCHDOG,INTERRUPTS,UART,I2C,SPI,AWIRE) VALUES ('ATTINY85-20PU','ATtiny','AVR','8kb',8,1,1,1,1,1,0,1,0);
INSERT INTO S15827_MICROCONTROLLER(NAME,FAMILY_NAME,PROCESSOR_CORE,FLASH_MEMORY,GPIO,TIMER,PWM_GENERATOR,WATCHDOG,INTERRUPTS,UART,I2C,SPI,AWIRE) VALUES ('ATMEGA328P-PU','ATmega','AVR','32kb',28,1,1,1,1,1,1,1,1);
INSERT INTO S15827_MICROCONTROLLER(NAME,FAMILY_NAME,PROCESSOR_CORE,FLASH_MEMORY,GPIO,TIMER,PWM_GENERATOR,WATCHDOG,INTERRUPTS,UART,I2C,SPI,AWIRE) VALUES ('PIC16F877A-I/P','PIC16F','PIC','12kb',40,1,1,1,1,1,1,1,1);
INSERT INTO S15827_MICROCONTROLLER(NAME,FAMILY_NAME,PROCESSOR_CORE,FLASH_MEMORY,GPIO,TIMER,PWM_GENERATOR,WATCHDOG,INTERRUPTS,UART,I2C,SPI,AWIRE) VALUES ('ATTINY84A-PU','ATtiny','AVR','8kb',14,1,1,1,1,1,0,1,0);
INSERT INTO S15827_MICROCONTROLLER(NAME,FAMILY_NAME,PROCESSOR_CORE,FLASH_MEMORY,GPIO,TIMER,PWM_GENERATOR,WATCHDOG,INTERRUPTS,UART,I2C,SPI,AWIRE) VALUES ('PIC32MX170F256B-50I/SP','PIC32MX','PIC','64kb',28,1,1,1,1,1,1,1,1);
INSERT INTO S15827_MICROCONTROLLER(NAME,FAMILY_NAME,PROCESSOR_CORE,FLASH_MEMORY,GPIO,TIMER,PWM_GENERATOR,WATCHDOG,INTERRUPTS,UART,I2C,SPI,AWIRE) VALUES ('PIC16F73-I/SP','PIC16F','PIC','4kb',28,1,1,1,1,1,1,1,1);
INSERT INTO S15827_MICROCONTROLLER(NAME,FAMILY_NAME,PROCESSOR_CORE,FLASH_MEMORY,GPIO,TIMER,PWM_GENERATOR,WATCHDOG,INTERRUPTS,UART,I2C,SPI,AWIRE) VALUES ('STM32F407VGT6','STM32F','ARM Cortex M4F','1024kB',100,1,1,1,1,1,1,1,1);
INSERT INTO S15827_MICROCONTROLLER(NAME,FAMILY_NAME,PROCESSOR_CORE,FLASH_MEMORY,GPIO,TIMER,PWM_GENERATOR,WATCHDOG,INTERRUPTS,UART,I2C,SPI,AWIRE) VALUES ('PIC12F675-I/P','PIC12F','PIC','128b',8,1,0,1,1,1,1,0,0);
INSERT INTO S15827_MICROCONTROLLER(NAME,FAMILY_NAME,PROCESSOR_CORE,FLASH_MEMORY,GPIO,TIMER,PWM_GENERATOR,WATCHDOG,INTERRUPTS,UART,I2C,SPI,AWIRE) VALUES ('PIC18F4550-I/P','PIC18F','PIC','32kb',40,1,1,1,1,1,1,1,1);
INSERT INTO S15827_MICROCONTROLLER(NAME,FAMILY_NAME,PROCESSOR_CORE,FLASH_MEMORY,GPIO,TIMER,PWM_GENERATOR,WATCHDOG,INTERRUPTS,UART,I2C,SPI,AWIRE) VALUES ('PIC32MX250F128B-50I/SO','PIC32MX','PIC','131kb',28,1,1,1,1,1,1,1,1);
INSERT INTO S15827_MICROCONTROLLER(NAME,FAMILY_NAME,PROCESSOR_CORE,FLASH_MEMORY,GPIO,TIMER,PWM_GENERATOR,WATCHDOG,INTERRUPTS,UART,I2C,SPI,AWIRE) VALUES ('STM32F767ZIT6','STM32','ARM CORTEX M7','2048kb',144,1,0,1,1,1,0,0,0);
INSERT INTO S15827_MICROCONTROLLER(NAME,FAMILY_NAME,PROCESSOR_CORE,FLASH_MEMORY,GPIO,TIMER,PWM_GENERATOR,WATCHDOG,INTERRUPTS,UART,I2C,SPI,AWIRE) VALUES ('STM32F030F4P6','STM32F','ARM CORTEX M0','16kb',20,1,1,1,1,1,1,1,1);
INSERT INTO S15827_MICROCONTROLLER(NAME,FAMILY_NAME,PROCESSOR_CORE,FLASH_MEMORY,GPIO,TIMER,PWM_GENERATOR,WATCHDOG,INTERRUPTS,UART,I2C,SPI,AWIRE) VALUES ('PIC12F508-I/P','PIC12F','PIC','512b',8,1,0,1,1,1,0,0,0);
INSERT INTO S15827_MICROCONTROLLER(NAME,FAMILY_NAME,PROCESSOR_CORE,FLASH_MEMORY,GPIO,TIMER,PWM_GENERATOR,WATCHDOG,INTERRUPTS,UART,I2C,SPI,AWIRE) VALUES ('PIC12F629-I/SN','PIC12F','PIC','128b',8,1,0,1,1,1,0,0,0);
INSERT INTO S15827_MICROCONTROLLER(NAME,FAMILY_NAME,PROCESSOR_CORE,FLASH_MEMORY,GPIO,TIMER,PWM_GENERATOR,WATCHDOG,INTERRUPTS,UART,I2C,SPI,AWIRE) VALUES ('ATTINY13A-PU','ATtiny','AVR','1kb',8,1,1,1,1,1,0,1,0);
--============================================================================================================
--============================================================================================================
INSERT INTO S15827_LOGIC_GATE(NAME,LOGIC_TYPE,LOGIC_FAMILY,GPIO) VALUES ('CD4093BE','NAND','CMOS',14);
INSERT INTO S15827_LOGIC_GATE(NAME,LOGIC_TYPE,LOGIC_FAMILY,GPIO) VALUES ('SN74HC00N','NAND','CMOS',14);
INSERT INTO S15827_LOGIC_GATE(NAME,LOGIC_TYPE,LOGIC_FAMILY,GPIO) VALUES ('CD4081BE','AND','CMOS',14);
INSERT INTO S15827_LOGIC_GATE(NAME,LOGIC_TYPE,LOGIC_FAMILY,GPIO) VALUES ('SN74LS00N','NAND','TTL',14);
INSERT INTO S15827_LOGIC_GATE(NAME,LOGIC_TYPE,LOGIC_FAMILY,GPIO) VALUES ('SN74HC00D','NAND','CMOS',14);
INSERT INTO S15827_LOGIC_GATE(NAME,LOGIC_TYPE,LOGIC_FAMILY,GPIO) VALUES ('SN74HC02N','NOR','CMOS',14);
INSERT INTO S15827_LOGIC_GATE(NAME,LOGIC_TYPE,LOGIC_FAMILY,GPIO) VALUES ('SN74LS08N','AND','TTL',14);
INSERT INTO S15827_LOGIC_GATE(NAME,LOGIC_TYPE,LOGIC_FAMILY,GPIO) VALUES ('74LVC1G04Z-7','NOT','CMOS',5);
INSERT INTO S15827_LOGIC_GATE(NAME,LOGIC_TYPE,LOGIC_FAMILY,GPIO) VALUES ('SN74LS32N','OR','TTL',14);
INSERT INTO S15827_LOGIC_GATE(NAME,LOGIC_TYPE,LOGIC_FAMILY,GPIO) VALUES ('SN74HC86N','XOR','CMOS',14);
INSERT INTO S15827_LOGIC_GATE(NAME,LOGIC_TYPE,LOGIC_FAMILY,GPIO) VALUES ('74HC32D','OR','CMOS',14);
INSERT INTO S15827_LOGIC_GATE(NAME,LOGIC_TYPE,LOGIC_FAMILY,GPIO) VALUES ('SN74AHCT1G08DBVR','AND','TTL',5);
INSERT INTO S15827_LOGIC_GATE(NAME,LOGIC_TYPE,LOGIC_FAMILY,GPIO) VALUES ('SN74HC32N','OR','CMOS',14);
INSERT INTO S15827_LOGIC_GATE(NAME,LOGIC_TYPE,LOGIC_FAMILY,GPIO) VALUES ('CD4070BE','XOR','CMOS',14);
INSERT INTO S15827_LOGIC_GATE(NAME,LOGIC_TYPE,LOGIC_FAMILY,GPIO) VALUES ('CD4071BE','OR','CMOS',14);
INSERT INTO S15827_LOGIC_GATE(NAME,LOGIC_TYPE,LOGIC_FAMILY,GPIO) VALUES ('TC4001BP(N.F)','NOR','CMOS',14);
INSERT INTO S15827_LOGIC_GATE(NAME,LOGIC_TYPE,LOGIC_FAMILY,GPIO) VALUES ('CD4001BEE4','NOR','CMOS',14);
INSERT INTO S15827_LOGIC_GATE(NAME,LOGIC_TYPE,LOGIC_FAMILY,GPIO) VALUES ('NC7SZ08M5XX','AND','TTL',5);
INSERT INTO S15827_LOGIC_GATE(NAME,LOGIC_TYPE,LOGIC_FAMILY,GPIO) VALUES ('74HC86D','XOR','CMOS',14);
INSERT INTO S15827_LOGIC_GATE(NAME,LOGIC_TYPE,LOGIC_FAMILY,GPIO) VALUES ('CD4077BEE4','XNOR','CMOS',14);
--============================================================================================================
--============================================================================================================
